PDB	MUTATION	CHAIN	CLASS	AMSCORE	NeedOffset	UniprotAC	UniprotPos
1P49.pdb	H444R	A	Pathogenic	0.913			
2HYN.pdb	R9C	A	Pathogenic	0.369			
2HYN.pdb	R9H	A	Pathogenic	0.159			
2LNL.pdb	M268L	A	Benign	0.152			
2LZ3.pdb	I22V	A	Pathogenic	0.218	Yes	P05067	716
2LZ3.pdb	V23L	A	Pathogenic	0.655	Yes	P05067	717
2LZL.pdb	G380R	A	Pathogenic	0.915			
2M0Q.pdb	T8I	A	Benign	0.665			
3D9S.pdb	I45S	A	Pathogenic	0.875			
4IB4.pdb	R388W	A	Benign	0.614			
4MBS.pdb	R223Q	A	Benign	0.095			
4MBS.pdb	Y68H	A	Benign	0.766			
4NEF.pdb	G175R	A	Pathogenic	0.994			
4NEF.pdb	R187C	A	Pathogenic	0.947			
4NEF.pdb	T125M	A	Pathogenic	0.191			
4OR2.pdb	S593P	A	Benign	0.844			
4PHU.pdb	R211H	A	Benign	0.071			
4PXZ.pdb	R256Q	A	Pathogenic	0.886			
4YZF.pdb	E508K	A	Benign	0.72			
4YZF.pdb	H734R	A	Pathogenic	0.985			
4YZF.pdb	M663K	A	Pathogenic	0.777			
4YZF.pdb	R656C	A	Benign	0.124			
4YZF.pdb	R760Q	A	Pathogenic	0.694			
4YZF.pdb	S773P	A	Pathogenic	0.986			
4ZUD.pdb	A163T	A	Benign	0.149			
4ZWJ.pdb	D190N	A	Pathogenic	0.921			
4ZWJ.pdb	G188E	A	Pathogenic	0.993			
4ZWJ.pdb	L125R	A	Pathogenic	0.986			
4ZWJ.pdb	M207R	A	Pathogenic	0.966			
4ZWJ.pdb	P171S	A	Pathogenic	0.966			
4ZWJ.pdb	R135L	A	Pathogenic	0.99			
4ZWJ.pdb	T94I	A	Pathogenic	0.94			
5DO7.pdb	E146Q	A	Pathogenic	0.621			
5DO7.pdb	L501P	B	Pathogenic	0.852			
5DO7.pdb	M655V	B	Benign	0.058			
5DO7.pdb	R419H	A	Pathogenic	0.339			
5EE7.pdb	F303C	A	Benign	0.552			
5EQG.pdb	G314S	A	Pathogenic	0.803			
5EQG.pdb	G91D	A	Pathogenic	0.987			
5EQG.pdb	K256E	A	Pathogenic	0.187			
5EQG.pdb	N411S	A	Pathogenic	0.63			
5ER7.pdb	D66H	A	Pathogenic	0.993			
5ER7.pdb	F191L	A	Benign	0.997			
5ER7.pdb	G160S	A	Benign	0.314			
5ER7.pdb	L90P	A	Pathogenic	0.982			
5ER7.pdb	W44C	A	Pathogenic	0.999			
5I31.pdb	D948N	A	Pathogenic	0.765			
5I31.pdb	G640R	A	Pathogenic	0.846			
5I31.pdb	G660S	A	Pathogenic	0.471			
5I31.pdb	L724P	A	Pathogenic	0.882			
5I31.pdb	P691L	A	Pathogenic	0.889			
5I6X.pdb	I425V	A	Benign	0.057			
5T1A.pdb	V64I	A	Benign	0.093			
