DDG,PDB,MUTATION,CHAIN,imutant-PRED,mcsmmem-PRED,SDM-PRED,DUET-PRED
-1.3,1AFO.pdb,L75A,A,-2.55,-0.53,0.04,-1.609
-1.8,1AFO.pdb,I76A,A,-2.26,-1.898,-3.22,-3.024
-1.7,1AFO.pdb,G79A,A,-0.8,-1.228,1.8,-0.392
-0.4,1AFO.pdb,V80A,A,-1.26,-1.538,0.61,-1.222
-1.3,2K73.pdb,A62G,A,-0.83,-0.141,-1.4,-1.132
-0.1,1AFO.pdb,I77A,A,-2.35,-1.352,0.72,-1.054
0.1,1AFO.pdb,F78A,A,-1.23,-1.532,1.19,-1.22
-3.6,1QJP.pdb,W7A,A,-2.69,-0.8,-0.31,-1.775
-2,1QJP.pdb,W15A,A,-2.07,-0.728,-0.32,-1.947
-3.8,1QJP.pdb,Y43A,A,-2.03,-1.611,-0.49,-2.072
-2,1QJP.pdb,W57A,A,-2.07,-0.975,-0.55,-2.309
-2.1,1QJP.pdb,F123A,A,-3.03,-1.388,-0.54,-2.459
-2.7,1QJP.pdb,Y129A,A,-1.59,-1.306,-0.21,-1.74
-3.3,1QJP.pdb,Y141A,A,-1.15,-1.562,-0.48,-1.966
-3.1,1QJP.pdb,W143A,A,-1.89,-0.799,-0.43,-2.08
-0.2,1QJP.pdb,Y168A,A,-1.65,-1.28,-0.27,-1.899
-2.4,1QJP.pdb,F170A,A,-3.6,-1.096,0.3,-1.649
0.4,2K73.pdb,A19G,A,-0.82,-0.433,-2.55,-1.598
2.3,2K73.pdb,E26L,A,0.76,-0.552,0.49,0.333
0.4,2K73.pdb,A29G,A,-1.04,-0.031,-1.79,-1.109
-0.7,2K73.pdb,A57G,A,-1.01,-0.176,-2.55,-1.468
1.1,2K73.pdb,A157G,A,-1.42,0.074,-2.17,-1.427
-3.2,1AFO.pdb,G83A,A,-0.83,-1.144,1.8,-0.34
-1,1AFO.pdb,V84A,A,-2.21,-1.544,0.61,-1.296
-0.9,1AFO.pdb,T87A,A,0.79,-0.807,1.73,-0.501
-1.9,2K73.pdb,F82A,A,-3.02,-1.302,1.19,-1.248
-1,2K73.pdb,R83A,A,-0.74,-0.354,0.55,-0.392
1.3,2K73.pdb,Y89A,A,-1.49,-1.433,1.05,0.939
-0.2,2K73.pdb,G148A,A,-0.87,-0.652,1.58,0.426
0,2K73.pdb,A152G,A,-1.18,-0.298,-1.58,-0.682
0.2,1AFO.pdb,M81A,A,-1.67,-1.903,0.8,-0.478
0.4,1AFO.pdb,I85A,A,-2.7,-1.406,0.75,-0.873
0.1,1AFO.pdb,G86A,A,-0.86,-0.725,1.58,0.168
-1.2,1QJP.pdb,F51A,A,-3.57,-1.039,-0.3,-2.144
-2.5,1QJP.pdb,Y55A,A,-1.64,-1.464,-0.27,-1.368
-1,2K73.pdb,P40A,A,-1.87,-0.605,0.22,0.641
