DDG	PDB	MUTATION	CHAIN	PRED
-1.3	1AFO.pdb	L75A	A	-0.53
-1.8	1AFO.pdb	I76A	A	-1.898
-1.7	1AFO.pdb	G79A	A	-1.228
-0.4	1AFO.pdb	V80A	A	-1.538
-1.3	2K73.pdb	A62G	A	-0.141
-0.1	1AFO.pdb	I77A	A	-1.352
0.1	1AFO.pdb	F78A	A	-1.532
-3.6	1QJP.pdb	W7A	A	-0.8
-2	1QJP.pdb	W15A	A	-0.728
-3.8	1QJP.pdb	Y43A	A	-1.611
-2	1QJP.pdb	W57A	A	-0.975
-2.1	1QJP.pdb	F123A	A	-1.388
-2.7	1QJP.pdb	Y129A	A	-1.306
-3.3	1QJP.pdb	Y141A	A	-1.562
-3.1	1QJP.pdb	W143A	A	-0.799
-0.2	1QJP.pdb	Y168A	A	-1.28
-2.4	1QJP.pdb	F170A	A	-1.096
0.4	2K73.pdb	A19G	A	-0.433
2.3	2K73.pdb	E26L	A	-0.552
0.4	2K73.pdb	A29G	A	-0.031
-0.7	2K73.pdb	A57G	A	-0.176
1.1	2K73.pdb	A157G	A	0.074
-3.2	1AFO.pdb	G83A	A	-1.144
-1	1AFO.pdb	V84A	A	-1.544
-0.9	1AFO.pdb	T87A	A	-0.807
-1.9	2K73.pdb	F82A	A	-1.302
-1	2K73.pdb	R83A	A	-0.354
1.3	2K73.pdb	Y89A	A	-1.433
-0.2	2K73.pdb	G148A	A	-0.652
0	2K73.pdb	A152G	A	-0.298
0.2	1AFO.pdb	M81A	A	-1.903
0.4	1AFO.pdb	I85A	A	-1.406
0.1	1AFO.pdb	G86A	A	-0.725
-1.2	1QJP.pdb	F51A	A	-1.039
-2.5	1QJP.pdb	Y55A	A	-1.464
-1	2K73.pdb	P40A	A	-0.605
