PDB	MUTATION	CHAIN	CLASS	
1P49.pdb	H444R	A	Pathogenic	
2HYN.pdb	R9C	A	Pathogenic	
2HYN.pdb	R9H	A	Pathogenic	
2LNL.pdb	M268L	A	Benign	
2LZ3.pdb	I22V	A	Pathogenic	
2LZ3.pdb	V23L	A	Pathogenic	
2LZL.pdb	G380R	A	Pathogenic	
2M0Q.pdb	T8I	A	Benign	
3D9S.pdb	I45S	A	Pathogenic	
4IB4.pdb	R388W	A	Benign	
4MBS.pdb	R223Q	A	Benign	
4MBS.pdb	Y68H	A	Benign	
4NEF.pdb	G175R	A	Pathogenic	
4NEF.pdb	R187C	A	Pathogenic	
4NEF.pdb	T125M	A	Pathogenic	
4OR2.pdb	S593P	A	Benign	
4PHU.pdb	R211H	A	Benign	
4PXZ.pdb	R256Q	A	Pathogenic	
4YZF.pdb	E508K	A	Benign	
4YZF.pdb	H734R	A	Pathogenic	
4YZF.pdb	M663K	A	Pathogenic	
4YZF.pdb	R656C	A	Benign	
4YZF.pdb	R760Q	A	Pathogenic	
4YZF.pdb	S773P	A	Pathogenic	
4ZUD.pdb	A163T	A	Benign	
4ZWJ.pdb	D190N	A	Pathogenic	
4ZWJ.pdb	G188E	A	Pathogenic	
4ZWJ.pdb	L125R	A	Pathogenic	
4ZWJ.pdb	M207R	A	Pathogenic	
4ZWJ.pdb	P171S	A	Pathogenic	
4ZWJ.pdb	R135L	A	Pathogenic	
4ZWJ.pdb	T94I	A	Pathogenic	
5DO7.pdb	E146Q	A	Pathogenic	
5DO7.pdb	L501P	B	Pathogenic	
5DO7.pdb	M655V	B	Benign	
5DO7.pdb	R419H	A	Pathogenic	
5EE7.pdb	F303C	A	Benign	
5EQG.pdb	G314S	A	Pathogenic	
5EQG.pdb	G91D	A	Pathogenic	
5EQG.pdb	K256E	A	Pathogenic	
5EQG.pdb	N411S	A	Pathogenic	
5ER7.pdb	D66H	A	Pathogenic	
5ER7.pdb	F191L	A	Benign	
5ER7.pdb	G160S	A	Benign	
5ER7.pdb	L90P	A	Pathogenic	
5ER7.pdb	W44C	A	Pathogenic	
5I31.pdb	D948N	A	Pathogenic	
5I31.pdb	G640R	A	Pathogenic	
5I31.pdb	G660S	A	Pathogenic	
5I31.pdb	L724P	A	Pathogenic	
5I31.pdb	P691L	A	Pathogenic	
5I6X.pdb	I425V	A	Benign	
5T1A.pdb	V64I	A	Benign	
